configure.php,/var/www
console.py,/home/pi/EnergyMon/py
css_file.css,/var/www
dbfunc.py,/home/pi/EnergyMon/py
dbfunc_st.py,/home/pi/rpi_garage_smartthings
GetMeter.php,/var/www
heartbeat.py,/home/pi/EnergyMon/py
index.php,/var/www
plotfunc.py,/home/pi/EnergyMon/py
rpi_garage_smartthings.py,/home/pi/rpi_garage_smartthings
app.groovy,/home/pi/rpi_garage_smartthings
devicetype.groovy,/home/pi/rpi_garage_smartthings
install.sh,/home/pi/rpi_garage_smartthings
rpi_garage_smartthings1.dat,/home/pi/rpi_garage_smartthings
rpi_garage_smartthings2.dat,/home/pi/rpi_garage_smartthings
rtl_tcp.c,/home/pi/EnergyMon/py/rtl-sdr/src
scm.go,/home/pi/src/github.com/bemasher/rtlamr/scm
go_install.sh,/home/pi/EnergyMon/sh
install.py,/home/pi/EnergyMon/py
ver.txt,/home/pi/EnergyMon/ver
filedwnld.py,/home/pi/EnergyMon/py
compile.py,/home/pi/EnergyMon/py
routine.py,/home/pi/EnergyMon/py
wifi.py,/home/pi/EnergyMon/py
rtlamr,/etc/init.d
rtl_tcp,/etc/init.d
console.sh,/etc/init.d
heartbeat.sh,/etc/init.d
